{"cameraMode":{"drawMode":0,"name":"Shaded","section":"Shading Mode"},"sceneLighting":true,"audioPlay":false,"sceneViewState":{"showFog":true,"showMaterialUpdate":false,"showSkybox":true,"showFlares":true,"showImageEffects":true,"showParticleSystems":true},"in2DMode":false,"pivot":{"x":-3.8508639335632326,"y":0.22597408294677735,"z":-1.5620613098144532},"rotation":{"x":0.3186156451702118,"y":-0.017075877636671068,"z":0.005704418756067753,"w":0.9477516412734985},"size":21.04305076599121,"orthographic":false}